Name,Et_eV,Sn_cm2,Sp_cm2,k,logSn,logSp,logk,bandgap,actual,predicted
D-0043,0.39317049322081543,4.934591491124138e-15,9.162955994483737e-13,0.005385370718897756,-14.306748794462216,-12.03796439914914,-2.2687843953130757,1,0.39317049322081543,0.3542861868131353
D-3781,0.1559054331696964,9.984026227673874e-13,8.414434482607325e-15,118.65356190378454,-12.00069428678434,-14.074975066775032,2.0742807799906924,1,0.1559054331696964,0.1488720676247877
D-4596,0.16381468746544148,1.1149900783960463e-14,3.1213111350478918e-15,3.5721849894305344,-13.95272899711539,-14.505662938319752,0.5529339412043621,1,0.16381468746544148,0.16621546427057785
D-6091,0.1438104481902699,4.071166002036571e-13,1.120822446389527e-14,36.32302346505372,-12.390281188876155,-13.950463180144217,1.5601819912680601,1,0.1438104481902699,0.14722464207372507
D-6477,0.3414394102904166,6.144067825359623e-15,7.105997317984106e-13,0.008646313178039065,-14.211543998702972,-12.148374960762386,-2.0631690379405865,1,0.3414394102904166,0.2778566737611859
D-0684,0.23359602429477833,7.869523324435527e-14,2.045716798623503e-15,38.46829301949652,-13.104051573084005,-14.689154488565217,1.5851029154812122,1,0.23359602429477833,0.2288988468595749
D-5052,0.02146221096477241,2.6110643536214454e-13,2.1482064591215203e-13,1.2154624815201442,-12.583182424202231,-12.667923981935063,0.0847415577328321,1,0.02146221096477241,0.05241179094160039
D-6881,0.3965830464194132,2.8999164604606203e-13,2.844760997353682e-14,10.193884347958393,-12.537614512888474,-13.545954214994959,1.0083397021064848,1,0.3965830464194132,0.3902192385977028
D-1612,0.5249179422246777,3.350743149388328e-14,2.3114293514457215e-13,0.14496411699940345,-13.474858861654011,-12.636119376180549,-0.8387394854734631,1,0.5249179422246777,0.523778272721522
D-1477,0.056123884875340924,1.2357259308842614e-15,1.0021315101013887e-13,0.012330975709557712,-14.90807783984833,-12.999075282097884,-1.9090025577504461,1,0.056123884875340924,0.09980604766120783
D-6012,0.3501660566257132,8.377032993173565e-14,2.7325802196507187e-15,30.656128346871828,-13.076909774073536,-14.563427079720341,1.4865173056468037,1,0.3501660566257132,0.34784337692094786
D-6084,0.2971813492023596,3.765107813427091e-15,5.359577354018404e-14,0.07025008810823784,-14.424222583312929,-13.270869456586096,-1.1533531267268327,1,0.2971813492023596,0.316028900571363
D-2637,0.3150822705490547,2.1583112317263995e-15,1.7690777306903224e-14,0.1220020575853494,-14.66588592921969,-13.752253084406144,-0.9136328448135476,1,0.3150822705490547,0.34564352078305516
D-5794,0.44237946178480914,1.0047908698379162e-14,5.346728492582391e-13,0.018792629385088095,-13.997924319861882,-12.271911868857778,-1.7260124510041042,1,0.44237946178480914,0.41183278715416355
D-2209,0.3689062601305586,1.2519427409784048e-14,8.092454266264924e-14,0.15470495103041706,-13.902415533622214,-13.091919746292383,-0.8104957873298313,1,0.3689062601305586,0.36790382194941357
D-5429,0.05663907538207602,9.994799186128858e-16,6.5459625399140015e-15,0.15268647086178047,-15.000225927231932,-14.184026484325171,-0.8161994429067606,1,0.05663907538207602,0.07564961544968968
D-1393,0.21823447385922856,3.643628161110978e-14,1.3154284083102652e-13,0.27699174946293004,-13.438465949980442,-12.880932783246745,-0.5575331667336964,1,0.21823447385922856,0.21259547492557596
D-1779,0.3762853198580458,1.0054053882742598e-15,1.1780889442806247e-13,0.008534206123869447,-14.99765879158506,-12.928821919606598,-2.0688368719784616,1,0.3762853198580458,0.35344412089423455
D-3627,0.138417218438892,9.439016105694043e-16,2.52915056688714e-13,0.0037320894332169056,-15.025073272877492,-12.597025315210054,-2.4280479576674385,1,0.138417218438892,0.21539118707616206
D-1442,0.17935102838852623,1.2768518917362315e-15,4.1805830354664206e-13,0.0030542435849352178,-14.893859475745261,-12.378763146112911,-2.515096329632351,1,0.17935102838852623,0.14886976673836053
D-3163,0.048629556379994776,3.265096002458362e-13,2.0105362092714617e-15,162.39926380840973,-12.486104044794738,-14.696688100951926,2.2105840561571886,1,0.048629556379994776,0.04353689497989322
D-2975,0.28535605688043975,2.9187349487303914e-15,4.8163432794596537e-14,0.06060064200942597,-14.534805341644482,-13.31728256679549,-1.2175227748489927,1,0.28535605688043975,0.29262132233673477
D-4854,0.044098385137527174,1.6957301716464204e-15,7.225000057595877e-15,0.23470313607314702,-14.770643252484902,-14.141162145109329,-0.6294811073755734,1,0.044098385137527174,0.06960931782079517
D-3596,0.10597593219802304,1.5469674649447013e-15,2.7457789528343824e-13,0.005633983986029956,-14.810518820071524,-12.561334428289488,-2.2491843917820358,1,0.10597593219802304,0.1469781219956299
D-4642,0.466114797900534,5.607597908337857e-13,1.7776267606902964e-13,3.1545417926540935,-12.251223134922052,-12.750159420412295,0.49893628549024294,1,0.466114797900534,0.46894902781188014
D-1043,0.08850719158237108,9.827991243174713e-13,4.2589220961588003e-13,2.3076240939083523,-12.007535239151927,-12.370700303931367,0.36316506477943894,1,0.08850719158237108,0.07186852806809164
D-2205,0.03802296559928908,9.863780805200185e-16,4.9151600920560066e-14,0.020068076360609803,-15.005956587279087,-13.308462332162625,-1.6974942551164618,1,0.03802296559928908,0.1862869883590218
D-6290,0.13901190827080545,4.4248720981022926e-14,2.4309880588343697e-15,18.201949129375677,-13.354099278161906,-14.614217174433126,1.2601178962712203,1,0.13901190827080545,0.13692868027685093
D-3670,0.34078060027567936,8.437880837145417e-13,2.3829360237396042e-14,35.40959871807061,-12.073766612177131,-13.622887617288388,1.549121005111257,1,0.34078060027567936,0.33755768944268955
D-7047,0.09337272789002693,8.164524485833345e-15,2.148807922485478e-15,3.7995599329276586,-14.088069104153565,-14.667802403462877,0.579733299309312,1,0.09337272789002693,0.10448189001174105
D-3507,0.27070413328774134,3.9182504918934455e-13,1.055486612615802e-13,3.712269246298524,-12.406907803213755,-12.976547270744724,0.5696394675309694,1,0.27070413328774134,0.27201313167458185
D-6847,0.3174193623044579,4.713192511101427e-14,2.2135765425876944e-14,2.12922048116378,-13.326684821050556,-13.654905456089143,0.328220635038587,1,0.3174193623044579,0.3222450992697834
D-7215,0.32959975316670886,1.0725079434005623e-13,1.3624204620331833e-15,78.72077477462608,-12.969599482581694,-14.86568884237857,1.8960893597968749,1,0.32959975316670886,0.3336550051510233
D-6554,0.3272550770397914,5.48795616382328e-13,8.254397594754441e-15,66.48524136165676,-12.2605893663038,-14.08331461601964,1.8227252497158415,1,0.3272550770397914,0.32364493812752243
D-5915,0.43998934723990957,8.357307124162326e-13,2.457025213709235e-14,34.01392495905959,-12.07793363757459,-13.60959038681719,1.5316567492426008,1,0.43998934723990957,0.4443502533740888
D-6930,0.4221364195354411,2.1265706936833545e-13,5.800789827660775e-13,0.36660019701850066,-12.672320175439369,-12.236512869464434,-0.43580730597493506,1,0.4221364195354411,0.4076217654305049
D-0683,0.5245510008088088,5.790888165788843e-13,2.28316581286754e-13,2.536341483895899,-12.23725482212409,-12.64146254711754,0.40420772499345003,1,0.5245510008088088,0.5235675887053913
D-3038,0.08166243715128141,2.31032780607803e-13,1.5220816095045493e-13,1.5178738062738055,-12.63632639488253,-12.817562061358274,0.18123566647574207,1,0.08166243715128141,0.08381980354417955
D-6902,0.46420278594563547,4.7754314192053764e-14,7.03567381253096e-14,0.678745426017341,-13.320987387532233,-13.152694303481443,-0.16829308405079071,1,0.46420278594563547,0.4620339111192014
D-4969,0.2171540117511891,5.002770292990168e-14,2.4621357447982738e-14,2.031882402730826,-13.300789437707653,-13.608688006810196,0.30789856910254193,1,0.2171540117511891,0.21406457583174263
D-4415,0.29212614460125275,7.238980139392052e-15,2.9414314847592316e-15,2.461039863379511,-14.140322614884782,-14.531441263250542,0.3911186483657604,1,0.29212614460125275,0.2940448016544612
D-6218,0.18973274807513651,7.486063076936035e-15,9.573670569432329e-15,0.7819428319205182,-14.12574651787751,-14.018921520695642,-0.10682499718186708,1,0.18973274807513651,0.20318416147055218
D-0252,0.10687621473109066,2.1218159036921786e-14,5.5669837474718875e-15,3.8114282346445694,-13.673292299736746,-14.254380046592035,0.581087746855289,1,0.10687621473109066,0.10156163162069236
D-6516,0.042605255104027906,6.629242505289994e-15,4.766655497947205e-14,0.1390753434592646,-14.178536093701897,-13.321786234845982,-0.8567498588559161,1,0.042605255104027906,0.0380002122141861
D-5831,0.07857274106139567,9.226626298086528e-14,2.5638403358860754e-14,3.5987522970683594,-13.034957069067524,-13.59110902416208,0.5561519550945565,1,0.07857274106139567,0.07002830576499605
D-3629,0.4047914457042475,1.4726000110837767e-14,1.0981919442693782e-13,0.13409313542756776,-13.831915200590526,-12.959321746359832,-0.8725934542306939,1,0.4047914457042475,0.4093236357153972
D-5381,0.17791002377135123,7.752669690571298e-14,2.5445745719054847e-15,30.46744935742155,-13.110548719141303,-14.594384817067168,1.4838360979258658,1,0.17791002377135123,0.1722159855049414
D-3374,0.2743661687032425,2.594377285971683e-15,1.4629558962822157e-14,0.17733803818452276,-14.585966866609345,-13.834768766349043,-0.7511981002603013,1,0.2743661687032425,0.2915595007281983
D-6341,0.3916275313335009,3.452306715867398e-14,7.211339595081023e-13,0.04787330662145317,-13.46189062689329,-12.141984052241453,-1.3199065746518381,1,0.3916275313335009,0.3863495746388553
D-2367,0.12727995211823562,1.1818777376623318e-15,1.2067542319779442e-14,0.0979385616676199,-14.927427447824408,-13.918381169475133,-1.0090462783492762,1,0.12727995211823562,0.11084190350132934
D-1851,0.3074023727747325,3.0959678609263183e-13,3.5500180386857656e-15,87.20991913811405,-12.509203556353098,-14.449769440161305,1.9405658838082056,1,0.3074023727747325,0.3039677525936387
D-6322,0.3774006772228805,3.607951419034431e-15,2.159180846131893e-13,0.016709815787306403,-14.442739318853853,-12.66571098101551,-1.7770283378383445,1,0.3774006772228805,0.38510547065981504
D-0331,0.13034674476841968,3.697175181538339e-15,3.192037739497497e-14,0.11582492073293477,-14.432129970965178,-13.495931982622492,-0.936197988342686,1,0.13034674476841968,0.11906918003097795
D-1572,0.22767089992116152,8.93101285941879e-14,2.1049526815705716e-13,0.42428568288552115,-13.049099285309394,-12.676757662471434,-0.3723416228379596,1,0.22767089992116152,0.25394387392464535
D-1558,0.014342580641920288,1.5110976841548743e-13,9.10851251929969e-14,1.6589950125808857,-12.82070746000368,-13.040552540415106,0.21984508041142753,1,0.014342580641920288,0.022027661322880622
D-1721,0.3017295492864306,2.085726306566437e-14,2.84272727539287e-13,0.07337060873270673,-13.680742681214547,-12.546264803508059,-1.1344778777064881,1,0.3017295492864306,0.30260076832909766
D-2193,0.027434163766027808,2.5562230437286738e-14,6.401671434941817e-13,0.039930556725798386,-13.59240125441254,-12.193706619734769,-1.3986946346777722,1,0.027434163766027808,0.09746739717417234
D-1738,0.36320991266855995,1.933143713076076e-13,9.867903370567175e-13,0.1959021729825639,-12.713735858606787,-12.005775111901691,-0.707960746705096,1,0.36320991266855995,0.3456468102058002
D-3199,0.24959212256335717,2.694818527307604e-15,1.9590527709924201e-13,0.013755721985694436,-14.569470475465197,-12.707953865259915,-1.8615166102052811,1,0.24959212256335717,0.19129206077716426
D-1662,0.47929147409063155,9.776495442566477e-15,2.2105599988997777e-13,0.0442263292895572,-14.00981679784205,-12.655497693000827,-1.3543191048412218,1,0.47929147409063155,0.46655151522132565
D-0151,0.33155568900064525,3.361421060321108e-14,3.630194021740894e-15,9.259618191727139,-13.473477083269735,-14.440070162754624,0.96659307948489,1,0.33155568900064525,0.3323251864491163
D-3550,0.044782842395877376,3.637671890127275e-15,6.267174037933226e-14,0.05804325630833922,-14.439176475897442,-13.202928244878047,-1.2362482310193958,1,0.044782842395877376,0.12071508875997868
D-6340,0.04861256037680595,1.4640308257117628e-14,1.2024386585506157e-15,12.1755136139457,-13.834449778950045,-14.919937069575738,1.0854872906256934,1,0.04861256037680595,0.056728646098917916
D-0021,0.06301238577775015,9.975048652324321e-13,8.770227303702573e-14,11.373762967481017,-12.001084977407183,-13.05698915059468,1.0559041731874967,1,0.06301238577775015,0.04582407623359932
D-2419,0.10935407844737843,1.0861055843995616e-13,2.19469459455746e-14,4.948777780256778,-12.964127953298574,-13.658625906003438,0.6944979527048655,1,0.10935407844737843,0.08872496356975398
D-1447,0.45258267825597764,1.1560209940543046e-14,3.766866600458011e-13,0.030689193875720066,-13.9370342787882,-12.424019759597849,-1.5130145191903508,1,0.45258267825597764,0.4382068917421852
D-2081,0.3619199140848396,1.4727783714796654e-14,5.665344782191907e-14,0.25996270802601557,-13.831862602298722,-13.246773654653724,-0.5850889476449964,1,0.3619199140848396,0.3641525790450011
D-5560,0.2718623867916147,7.028927391897877e-13,1.0615152334682014e-13,6.621598230797726,-12.153110942877849,-12.974073769030992,0.8209628261531439,1,0.2718623867916147,0.28235594440419143
D-2348,0.27592195444243894,2.1382296063721325e-14,8.527839001282694e-14,0.25073522214133215,-13.669945661416126,-13.069161007369395,-0.6007846540467298,1,0.27592195444243894,0.2718888252664982
D-5663,0.047992056519854054,9.334837299575733e-14,3.821218141524984e-15,24.428956824355378,-13.029893247132389,-14.417798169075166,1.3879049219427757,1,0.047992056519854054,0.03907402464244937
D-6760,0.17436301789127517,8.681774199594852e-15,2.704739400446759e-15,3.2098375903278624,-14.061391513722521,-14.567874572479793,0.5064830587572713,1,0.17436301789127517,0.16639805425253415
D-5386,0.054053393606174005,8.931505209254499e-13,1.1747288012216445e-14,76.03035866632615,-12.049075344136481,-13.930062383372924,1.8809870392364427,1,0.054053393606174005,0.04636624890298918
D-0479,0.2533705012596653,5.865453525773053e-13,1.1790643444686552e-14,49.746678824524345,-12.231698401941346,-13.928462493730047,1.6967640917887,1,0.2533705012596653,0.2537114932209298
D-4757,0.3459448584779077,5.759383456449503e-13,2.949034981889504e-15,195.2972240688496,-12.23962400542979,-14.530320075752213,2.2906960703224235,1,0.3459448584779077,0.33913360388682257
D-2151,0.055467105514791726,1.9914292096334402e-15,9.939296655894894e-15,0.20035916811601998,-14.700835127071372,-14.002644346917696,-0.6981907801536759,1,0.055467105514791726,0.05490818579943689
D-5665,0.10575868558913515,5.960652304284788e-13,2.0916951452061946e-15,284.967545005092,-12.224706210620536,-14.679501611584097,2.4547954009635613,1,0.10575868558913515,0.10604929074789446
D-7141,0.40358530509126445,5.227850199064976e-15,1.0347813618000398e-14,0.5052130229685371,-14.281676865363021,-13.98515140227893,-0.29652546308409067,1,0.40358530509126445,0.4082873467586387
D-0879,0.33261708433145587,2.3105934945974807e-15,1.0885935114551423e-13,0.021225493908271317,-14.63627645373421,-12.963134258616801,-1.673142195117409,1,0.33261708433145587,0.38119959843001255
D-6550,0.23198064192058399,1.5365779477884699e-15,2.752266987815473e-13,0.005582953814404761,-14.813445403884165,-12.560309439000918,-2.2531359648832483,1,0.23198064192058399,0.1544703303989705
D-7770,0.2927750991932788,4.865130755362238e-15,1.1347541448009156e-14,0.42873875170694264,-14.312905483130635,-13.945098222278986,-0.36780726085164983,1,0.2927750991932788,0.30645353736056224
D-7252,0.23521344666976995,1.0301417485297773e-13,1.8016628012200853e-13,0.5717727800297402,-12.987103011830065,-12.744326488203093,-0.24277652362697244,1,0.23521344666976995,0.25450177028091114
D-1939,0.37618090775515867,3.666206026222721e-14,4.609403168856543e-14,0.7953754297288338,-13.435783133062426,-13.336355303949246,-0.0994278291131786,1,0.37618090775515867,0.37439915624485326
D-3024,0.23372972062472253,6.113813355017916e-13,1.100344721936466e-14,55.562708968680155,-12.213687823726234,-13.958471235404284,1.7447834116780507,1,0.23372972062472253,0.2360250720357045
D-6377,0.22487988022263472,6.304419880599557e-14,3.24479706812567e-14,1.9429319455842742,-13.200354870113218,-13.488812459094456,0.28845758898123863,1,0.22487988022263472,0.22504052062231314
D-7534,0.30924061665679947,4.9906261556635286e-15,5.648162181726055e-13,0.008835840748004892,-14.301844961613211,-12.24809284141492,-2.053752120198291,1,0.30924061665679947,0.2659539572202174
D-1885,0.20178645654234062,1.965988752017694e-14,6.568206931202271e-15,2.993189423856705,-13.706418971219357,-14.182553173235814,0.4761342020164564,1,0.20178645654234062,0.2082298372144886
D-4433,0.0026070719614126325,2.672865615489029e-13,6.519089224401549e-13,0.4100059875671356,-12.57302287585577,-12.185813074888626,-0.3872098009671437,1,0.0026070719614126325,0.05677390727424002
D-1308,0.4745666566906792,3.9200041887255815e-14,5.177428339075327e-13,0.07571334515903087,-13.406713468913361,-12.285885903474497,-1.1208275654388637,1,0.4745666566906792,0.47451779521811677
D-5832,0.15696728552460248,2.9414115504067384e-14,5.967139099858297e-14,0.49293497288785987,-13.53144420651428,-13.22423383820806,-0.3072103683062194,1,0.15696728552460248,0.14342429860744102
D-2615,0.13141212826941773,7.93110239125065e-14,1.3027310640088365e-15,60.88058088401316,-13.100666443305032,-14.885145230850696,1.7844787875456638,1,0.13141212826941773,0.1278130867402074
D-7747,0.26581105197618526,3.8549227234311444e-15,9.806505490605914e-15,0.39309851272952895,-14.413984323481719,-14.008485724171356,-0.40549859931036253,1,0.26581105197618526,0.28181999715854084
D-3569,0.1965494872543535,4.805123530563266e-13,2.61616077817065e-14,18.367080382281582,-12.31829544296893,-13.582335569626554,1.2640401266576244,1,0.1965494872543535,0.20077210035532755
D-5032,0.40827480821941464,7.706037543378421e-13,1.6423462783945118e-13,4.69209060522335,-12.113168879459748,-12.784535269298935,0.6713663898391882,1,0.40827480821941464,0.4011402473493011
D-7966,0.3977711754167532,6.322054590937209e-15,2.8630812389887624e-13,0.022081296558564133,-14.199141758347684,-12.543166328840442,-1.655975429507242,1,0.3977711754167532,0.3835496073863068
D-1182,0.3838787330059752,9.992637966656828e-14,7.205668333109038e-14,1.386774620300251,-13.000319846796243,-13.142325731724348,0.14200588492810487,1,0.3838787330059752,0.39407495252648894
D-1402,0.028579242443438457,7.842216336995469e-14,5.677132335184739e-13,0.1381369303018066,-13.105561181333512,-12.245870982158127,-0.8596901991753847,1,0.028579242443438457,0.1364403799662193
D-5117,0.11096745640065875,8.177831603861663e-16,7.037279483406859e-13,0.0011620728753411176,-15.08736183658758,-12.152595200757299,-2.93476663583028,1,0.11096745640065875,0.14547452525642013
D-6231,0.23616100072194168,1.8093094395270017e-15,1.854929824026482e-13,0.00975405870395435,-14.742487151002832,-12.73167251602983,-2.010814634973003,1,0.23616100072194168,0.17649145646380027
D-4224,0.026373875730121066,1.2736411306161476e-14,4.0537115844433995e-13,0.03141913537963325,-13.894952924393467,-12.392147153950992,-1.502805770442476,1,0.026373875730121066,0.1291212049609604
D-5086,0.16826636507020865,1.334866058645487e-14,1.1654201960845414e-13,0.11453946508995058,-13.874562309512495,-12.93351746009856,-0.9410448494139348,1,0.16826636507020865,0.12136717967438808
D-5766,0.3207822129269242,5.344099936032061e-13,2.384272798213758e-15,224.1396177499377,-12.272125429038976,-14.622644055986767,2.3505186269477907,1,0.3207822129269242,0.31670241732890586
D-5903,0.43295970796883454,1.2807207804387004e-15,1.0351978740533871e-13,0.012371748556862388,-14.89254554373895,-12.984976628568566,-1.9075689151703832,1,0.43295970796883454,0.4588607983100909
D-0096,0.21043287609784145,8.705029353597831e-15,1.8297430604736178e-15,4.757514615928964,-14.060229760091271,-14.737609891282078,0.6773801311908072,1,0.21043287609784145,0.21198786174517972
D-4222,0.2477110440883885,5.404526538205235e-14,2.1048011656045798e-14,2.5677135809894174,-13.267242346271505,-13.676788924417082,0.4095465781455755,1,0.2477110440883885,0.2588622855714645
D-1432,0.2996965952603404,5.2285037377571934e-14,1.1197708624267378e-15,46.69262179608887,-13.28162257717618,-14.950870837476792,1.6692482603006136,1,0.2996965952603404,0.30110471780837694
D-5801,0.13882515927954941,4.061590079779274e-15,8.388435464337779e-15,0.48418922659017133,-14.391303910343648,-14.076319032325669,-0.3149848780179796,1,0.13882515927954941,0.12061437116899779
D-3916,0.07714646850039175,3.1122971837323836e-14,1.218495834502903e-13,0.2554212411404816,-13.506918940251479,-12.914175951137029,-0.5927429891144497,1,0.07714646850039175,0.03258873085428765
D-7385,0.14898345593350426,1.1698273267065005e-13,2.1788350663249604e-13,0.536904947412861,-12.931878237905824,-12.661775643776691,-0.2701025941291338,1,0.14898345593350426,0.0947995881576095
D-1336,0.031640849735077414,2.0437000160232995e-14,4.2987710276568126e-15,4.75414950662605,-13.689582851662047,-14.36665568679122,0.6770728351291715,1,0.031640849735077414,0.03469066269131512
D-0150,0.06666069429805233,3.7936620094609254e-15,8.771833305054516e-15,0.43248222777728085,-14.420941364529265,-14.056909630002137,-0.3640317345271291,1,0.06666069429805233,0.07970513030790777
D-5455,0.1307701480753387,3.9994087873562276e-15,9.527973359952855e-14,0.04197544048733588,-14.39800420351346,-13.020999465803369,-1.3770047377100907,1,0.1307701480753387,0.10079886071098748
D-4082,0.31079063563984344,2.569677225131367e-14,5.835012855008779e-14,0.4403892997297434,-13.590121424586167,-13.233958182831426,-0.35616324175474195,1,0.31079063563984344,0.31107965301077806
D-5671,0.372217861634783,5.185388577781062e-13,4.3094471688561465e-13,1.203260737306455,-12.285218693303317,-12.365578439100158,0.08035974579684094,1,0.372217861634783,0.3733286233881553
D-2434,0.02118508503955896,4.664724543231659e-13,9.376645769255244e-15,49.748328539046035,-12.331173996694876,-14.02795249045072,1.6967784937558446,1,0.02118508503955896,0.04950886889746119
D-7190,0.1395403439427747,1.7140289464178372e-15,9.372226942607643e-13,0.0018288385000853826,-14.765981848011778,-12.028157203778775,-2.737824644233003,1,0.1395403439427747,0.08594525116412312
D-5130,0.09458602740435762,5.005297089095275e-13,3.3317995628043562e-15,150.22803727371718,-12.300570139897845,-14.477321133131504,2.1767509932336604,1,0.09458602740435762,0.0923133290508697
D-1392,0.4241975442433319,8.988044992374369e-13,1.431308789935059e-13,6.279598822824369,-12.046334762255244,-12.844266661629558,0.7979318993743133,1,0.4241975442433319,0.42719538571624244
D-6152,0.07266874450050753,4.0493346510523594e-13,3.272689815970418e-14,12.373108601041224,-12.392616330146959,-13.485095154971908,1.092478824824949,1,0.07266874450050753,0.06736106859434143
D-5828,0.3111885124942272,3.528642043487856e-14,1.1041274163604147e-13,0.3195864889506574,-13.452392395599459,-12.95698080610935,-0.4954115894901095,1,0.3111885124942272,0.3146511294405197
D-7871,0.025384853141196095,1.5853851264334213e-13,1.922326241005075e-15,82.47221999136387,-12.7998652205328,-14.716172905613972,1.9163076850811718,1,0.025384853141196095,0.02460079864719401
D-2108,0.04330960692730179,1.5190253693951624e-15,6.220823358554003e-14,0.02441839740243407,-14.818434972880912,-13.206152130355518,-1.6122828425253939,1,0.04330960692730179,0.10549319434194894
D-0212,0.046280371837598144,1.600042842610803e-14,8.633987326944398e-14,0.18531910947071825,-13.79586838855635,-13.0637885931412,-0.7320797954151498,1,0.046280371837598144,0.0717479683170478
D-3019,0.2996532049090814,8.301737018581927e-14,8.455380204034738e-15,9.818289442053125,-13.080831028267507,-14.072866859171878,0.992035830904371,1,0.2996532049090814,0.29913188291673937
D-3661,0.08451336168087686,2.610614346706105e-13,1.6146007619536597e-13,1.6168791742345479,-12.583257279639286,-12.79193484690265,0.2086775672633648,1,0.08451336168087686,0.053268971047051576
D-7439,0.2923157684973886,1.5012392902626262e-14,7.72651878304705e-14,0.19429698321015323,-13.823550077804814,-13.112016135299323,-0.7115339425054918,1,0.2923157684973886,0.2769400076280781
D-6276,0.32660805650791813,1.3183463035525533e-13,4.640125157737671e-14,2.841186948059227,-12.879970494167692,-13.333470305095599,0.45349981092790864,1,0.32660805650791813,0.32586799107629155
D-5487,0.3835152585832765,1.472508119901504e-14,2.737610956092653e-13,0.053788070822276025,-13.831942301689455,-12.56262826972544,-1.2693140319640164,1,0.3835152585832765,0.34667975899290465
D-4949,0.40254005566450424,6.112817356643526e-13,2.4302177477693816e-14,25.153373035211697,-12.213758580193677,-13.614354811826392,1.400596231632715,1,0.40254005566450424,0.40371247086190326
D-1730,0.373953273025317,8.947250315660116e-13,2.71359305241915e-13,3.2971967951066583,-12.048310412305831,-12.566455281341087,0.5181448690352555,1,0.373953273025317,0.3671470722298981
D-4546,0.3511128032454166,1.7626688746175253e-13,4.795501822821689e-15,36.75671368174697,-12.753829264236629,-14.319165939592608,1.5653366753559794,1,0.3511128032454166,0.35119008052493517
D-1237,0.31054874357204676,6.914815494943432e-14,6.210931057124481e-14,1.113329938997074,-13.160219403493496,-13.20684329150418,0.04662388801068561,1,0.31054874357204676,0.3099319396107734
D-0904,0.15628572930636264,1.5488130506244725e-14,1.719804977972842e-14,0.9005748154363874,-13.810001000563629,-13.764520798320525,-0.04548020224310422,1,0.15628572930636264,0.15306662518307315
D-5982,0.12278487091313484,3.138588843628932e-15,2.744268521333898e-13,0.01143688680327597,-14.503265573321478,-12.561573396016303,-1.9416921773051747,1,0.12278487091313484,0.11190335764554493
D-5891,0.5264498096636292,4.795500466189434e-13,9.343995715760649e-13,0.5132173228740673,-12.319166062453156,-12.029467369356455,-0.28969869309670165,1,0.5264498096636292,0.5232734656069857
D-6162,0.1288711609480957,4.1132650771439064e-14,8.129739595373454e-13,0.05059528695709664,-13.385813301715885,-12.08992336511978,-1.2958899365961054,1,0.1288711609480957,0.04564283403183563
D-0066,0.2014848673345273,3.783293313922477e-15,1.998817411226181e-13,0.018927658387774417,-14.422129987102739,-12.69922687617636,-1.7229031109263804,1,0.2014848673345273,0.16389365226641756
D-6567,0.10975350446553678,2.4212094485458152e-15,9.242258851259932e-14,0.02619716118658318,-14.615967639962152,-13.03422187220559,-1.5817457677565618,1,0.10975350446553678,0.09562572129006998
D-0166,0.22493396041710678,2.7924769996317066e-14,3.62542912105648e-14,0.7702473021505261,-13.554010395284571,-13.44064058112692,-0.11336981415765136,1,0.22493396041710678,0.22373600261562274
D-2144,0.3557294505657187,7.035581180078725e-14,1.3588435572155841e-14,5.177624122158244,-13.152700021487814,-13.866830540433751,0.714130518945938,1,0.3557294505657187,0.3531615148275796
D-6788,0.12046699297259578,2.7475525555341544e-14,1.0504222462061062e-15,26.156648580679903,-13.561053991585025,-14.97863608918224,1.417582097597215,1,0.12046699297259578,0.1139508902653981
D-6508,0.3569546186775835,1.9142185385313024e-15,8.104093095930727e-15,0.23620391768358148,-14.718008482097172,-14.091295578652616,-0.6267129034445563,1,0.3569546186775835,0.3620557037302603
D-3476,0.27483633012166386,3.6146687733898686e-13,1.593209316615446e-14,22.687971603560136,-12.441931492692994,-13.797727162629991,1.3557956699369969,1,0.27483633012166386,0.27131292867748485
D-3406,0.3482252439180976,4.379742498627554e-15,3.772974069482472e-15,1.1608196658580032,-14.3585514225353,-14.423316179564278,0.06476475702897834,1,0.3482252439180976,0.34915608095820533
D-6343,0.36287137572354833,7.770702046135383e-14,9.771335619033525e-15,7.952548504217662,-13.109539742976521,-14.010046069614752,0.9005063266382302,1,0.36287137572354833,0.36770900447839094
D-1826,0.33998394180498415,6.221998329365159e-14,2.2822946829195733e-14,2.7262028763988573,-13.206070109837343,-13.641628281520177,0.43555817168283356,1,0.33998394180498415,0.3428747447717691
D-0138,0.21012873382650588,7.855957990304284e-15,1.1174559473374606e-13,0.0703021717233911,-14.104800847602448,-12.951769588737735,-1.1530312588647138,1,0.21012873382650588,0.20176996051113974
D-5247,0.16434506830360174,1.052453308423166e-14,1.9980845966596537e-14,0.5267311054710248,-13.977797162327423,-13.699386128179755,-0.27841103414766766,1,0.16434506830360174,0.138436708438015
D-1388,0.16663359781671716,2.609194580707663e-14,5.588370485851919e-13,0.046689720864308525,-13.583493532177451,-12.252714809675341,-1.330778722502111,1,0.16663359781671716,0.12283223221603227
D-3135,0.069339320375565,1.4701305094375395e-14,2.4173540566734987e-13,0.060815688350616466,-13.832644109460906,-12.61665973618793,-1.2159843732729754,1,0.069339320375565,0.12336702979308121
D-7371,0.20716177452371753,2.355934864781121e-13,1.4797303474823272e-13,1.592137965399982,-12.627836720785265,-12.829817419247075,0.20198069846181055,1,0.20716177452371753,0.2186374674625582
D-4533,0.2039506078113419,5.150329119431604e-13,6.165314708068078e-15,83.53716498351268,-12.288165017524637,-14.210044749970276,1.9218797324456383,1,0.2039506078113419,0.20471433494443175
D-2039,0.5349257705437771,8.373156764931135e-16,9.556151010976623e-13,0.0008762059908129698,-15.077110777714767,-12.019716995933916,-3.0573937817808514,1,0.5349257705437771,0.520426025560941
D-4716,0.13481063325171028,1.670292946474699e-13,2.8880366733094018e-15,57.83489392330708,-12.777207352876346,-14.53939729624271,1.762189943366364,1,0.13481063325171028,0.13809382940456283
D-1542,0.30288408364619734,6.973260054177352e-14,2.615187344408021e-15,26.664476138155347,-13.15656413832466,-14.582497194089916,1.4259330557652565,1,0.30288408364619734,0.2965313521461756
D-2573,0.09893515721029889,1.2872013763924872e-14,1.632215347437688e-14,0.7886222724306468,-13.89035350452172,-13.787222542865234,-0.10313096165648486,1,0.09893515721029889,0.09246982108451139
D-3771,0.22466377490936573,3.7276362176487564e-14,3.2466680183900658e-15,11.481420941514031,-13.428566477320366,-14.48856211702609,1.0599956397057237,1,0.22466377490936573,0.22796844733940247
D-5906,0.4015977406320761,1.2218942751294812e-13,2.358575642952551e-14,5.180644847158133,-12.912966369964371,-13.627350190738998,0.7143838207746267,1,0.4015977406320761,0.4028037286322686
D-5913,0.22695602066455844,3.1084653481293645e-15,1.6637129759392872e-14,0.1868390397312619,-14.507453969601949,-13.778921596144873,-0.7285323734570754,1,0.22695602066455844,0.23804025035032494
D-5148,0.22443495052961282,1.4849006290540935e-15,2.485025841802857e-14,0.059753931088974734,-14.828302608769304,-13.604669090675506,-1.2236335180937976,1,0.22443495052961282,0.21969415679962728
D-4104,0.06531920672714198,1.547957120107257e-14,2.695269405217527e-13,0.0574323708461465,-13.810241073859025,-12.569397818472881,-1.2408432553861442,1,0.06531920672714198,0.05743880645272303
D-1944,0.00015713100589043183,3.53467839897016e-13,1.3013340034518591e-15,271.6196141493447,-12.451650094146098,-14.885611222086148,2.4339611279400497,1,0.00015713100589043183,0.012258275175486034
D-7231,0.01899418760310445,1.5338017616737815e-14,6.93887067957375e-13,0.02210448691872727,-13.814230767749876,-12.158711206423952,-1.6555195613259244,1,0.01899418760310445,0.04459697433334396
D-2093,0.5268861463477468,3.0643230463732896e-15,4.996526304551989e-13,0.00613290686287711,-14.513665452530992,-12.301331821874335,-2.2123336306566563,1,0.5268861463477468,0.5172309636261313
D-4627,0.13251715204959424,2.543267816107921e-15,6.873802392485331e-13,0.003699943162300251,-14.59460790449845,-12.162802957081942,-2.431804947416508,1,0.13251715204959424,0.1312117311575917
D-3302,0.380607283269333,1.1899788579051241e-15,1.526279294159149e-14,0.07796599629301149,-14.924460754554282,-13.816365987473217,-1.108094767081064,1,0.380607283269333,0.36138557027508095
D-4057,0.5284562122171772,3.337887557364364e-13,6.607627999671963e-13,0.5051567003363497,-12.476528297386759,-12.179954415178804,-0.2965738822079547,1,0.5284562122171772,0.5287949285422865
D-7283,0.43718837744444505,2.0517002366277948e-13,3.443936812250189e-14,5.957427062337015,-12.68788609145902,-13.462944825378317,0.7750587339192967,1,0.43718837744444505,0.435681187934055
D-7870,0.333002080822278,8.315075586437476e-13,1.5551748018485146e-14,53.46714450718978,-12.080133798564306,-13.808220789137708,1.7280869905734029,1,0.333002080822278,0.3374509360637658
D-4944,0.2530110448970092,6.718350649256478e-14,5.246404124309007e-14,1.2805629322619783,-13.172737332875567,-13.280138259266518,0.10740092639095085,1,0.2530110448970092,0.2678753514281174
D-0482,0.3630140321529238,1.222398379361078e-14,3.485613076749148e-15,3.506982423020819,-13.912787234549642,-14.457720823754727,0.544933589205085,1,0.3630140321529238,0.3564468697396081
D-3619,0.1387954087747143,4.631147166695985e-14,1.0835572168370557e-14,4.274021800357232,-13.33431141795483,-13.965148150979582,0.6308367330247524,1,0.1387954087747143,0.12804848855806822
D-1171,0.34318232612413213,6.5226877831114756e-15,1.5947774302940528e-13,0.04090030156690135,-14.185573409047187,-12.797299919214879,-1.3882734898323073,1,0.34318232612413213,0.3590079533388154
D-0622,0.012235205514587566,1.1351936179989957e-15,4.0657082785271584e-14,0.027921177325841744,-14.944930059125292,-13.390863785946632,-1.55406627317866,1,0.012235205514587566,0.14322841012021467
D-1908,0.06001437216520156,3.5202745453483e-15,6.852812727269415e-14,0.051369775965714966,-14.453423464680908,-13.164131136360746,-1.2892923283201618,1,0.06001437216520156,0.0807784547940689
D-1819,0.24406937315820154,5.809558330876023e-14,2.6760489462421683e-15,21.709462149539803,-13.23585688340218,-14.572505947373392,1.3366490639712114,1,0.24406937315820154,0.24499050683829665
D-5218,0.16070155249992513,4.993437048633228e-13,1.2784611325864173e-13,3.905818426040963,-12.301600420825912,-12.893312470734893,0.5917120499089826,1,0.16070155249992513,0.16889758453590992
D-7426,0.17007369663830285,3.5690511499343425e-14,1.603924787125835e-13,0.22251985745104236,-13.447447227898905,-12.794816000953398,-0.6526312269455073,1,0.17007369663830285,0.0788701492152317
D-3890,0.4195888525882622,2.2596535387289136e-15,5.0230197393746094e-14,0.044985957769902205,-14.645958143929036,-13.299035115154282,-1.3469230287747547,1,0.4195888525882622,0.42222698824211774
D-6161,0.3541610151061534,3.459622051443685e-13,2.1877800016983436e-14,15.813390965993051,-12.460971343385825,-13.659996351832266,1.1990250084464393,1,0.3541610151061534,0.3616665552717399
D-6303,0.30121696381644525,4.21735156411864e-14,3.968781455599875e-15,10.626313419621624,-13.374960194101883,-14.401342815237507,1.0263826211356248,1,0.30121696381644525,0.30417754445337125
D-5781,0.0962496809589024,3.515797991330977e-14,4.397878243404867e-15,7.994304973320548,-13.453976086320282,-14.356756798383453,0.9027807120631701,1,0.0962496809589024,0.0861946226746008
D-6660,0.3982972265272745,5.0186257076995554e-15,1.319469434401238e-13,0.03803517972340873,-14.29941519306913,-12.879600665788479,-1.419814527280652,1,0.3982972265272745,0.40393350228136404
D-5430,0.12800953872070742,1.7524988564965922e-13,4.0870562111486896e-13,0.42879245255206383,-12.756342256737842,-12.388589389197186,-0.36775286754065584,1,0.12800953872070742,0.05615855059855011
D-4097,0.1787817609697291,2.1489666353009802e-13,3.234136056568337e-13,0.6644638932046651,-12.667770327280618,-12.49024171375122,-0.1775286135293992,1,0.1787817609697291,0.16611514431402213
D-2251,0.15187851001493236,3.782025828916358e-15,1.246608047947121e-13,0.030338532108343846,-14.422275509515954,-12.904270073683598,-1.518005435832357,1,0.15187851001493236,0.05986798787632971
D-6383,0.3272036133487808,1.0077532721875383e-14,3.673286089578205e-14,0.27434652450478103,-13.996645783012982,-13.434945245821165,-0.561700537191817,1,0.3272036133487808,0.31384232764067044
D-0092,0.04189759005191118,1.4306063965424617e-14,1.358220591791829e-14,1.0532945864523655,-13.844479837465164,-13.867029689541654,0.022549852076490913,1,0.04189759005191118,0.06433014552731241
D-1606,0.3165227534708047,6.321964421629359e-14,7.621758063882518e-13,0.08294627523782819,-13.199147952585893,-12.117944841077945,-1.0812031115079483,1,0.3165227534708047,0.30015328348348586
D-5159,0.3375201835829825,2.1576361524551402e-14,2.5284278829477826e-14,0.8533508774391648,-13.666021789636257,-13.597149429013635,-0.0688723606226226,1,0.3375201835829825,0.333055051247503
D-2580,0.0437617223722766,9.921214751447132e-13,7.314514456401332e-14,13.563736609700094,-12.003435149665187,-13.135814497413488,1.1323793477483024,1,0.0437617223722766,0.0271193101840611
D-5853,0.05979244376574,1.2902513575890042e-15,9.564398906927779e-13,0.0013490145801577104,-14.889325675297652,-12.0193423188523,-2.8699833564453527,1,0.05979244376574,0.14810908144299917
D-1986,0.4001611208500191,8.986405569253443e-16,3.21279452374895e-13,0.002797068254077878,-15.046413984973563,-12.49311704913119,-2.5532969358423734,1,0.4001611208500191,0.36519979511697276
D-0507,0.0463984161431511,2.216702138243555e-13,1.7107340906404523e-15,129.57607791715205,-12.654292659798429,-14.766817490132873,2.112524830334443,1,0.0463984161431511,0.051679333446244466
D-0382,0.11686863974933526,5.5614813324682e-15,9.409750462933346e-14,0.059103388069384505,-14.254809516182101,-13.026421893470514,-1.2283876227115869,1,0.11686863974933526,0.11364837439274925
D-4264,0.20940628254354343,2.0817522542900858e-13,2.086301107394084e-15,99.78196564782156,-12.681570956380142,-14.680623011421206,1.9990520550410644,1,0.20940628254354343,0.2143454951943287
D-2070,0.1544714456117131,2.576998774831171e-15,1.4070566927624367e-14,0.18314818358681897,-14.588885787923363,-13.851688403732373,-0.7371973841909908,1,0.1544714456117131,0.10606437480805529
D-5692,0.42090791081584344,1.7301716883673358e-15,1.1002613755178391e-13,0.0157250970257229,-14.76191079883023,-12.958504132604519,-1.8034066662257102,1,0.42090791081584344,0.4136412607628196
D-6291,0.29719964932079124,3.1624372253859854e-14,1.273493156922095e-15,24.832777531598822,-13.499978086508316,-14.895003384362681,1.3950252978543651,1,0.29719964932079124,0.30251551930512677
D-2060,0.2892764404637783,8.207196323390024e-14,9.73578375643464e-13,0.08429928733745415,-13.085805177744637,-12.011629080878047,-1.074176096866591,1,0.2892764404637783,0.2731733942188031
D-7128,0.16233569240726153,1.8830318446388072e-14,2.8464560233322633e-15,6.615355477842221,-13.725142335408735,-14.5456955214859,0.8205531860771647,1,0.16233569240726153,0.16479642780347617
D-5588,0.27109397535018254,4.369356135644228e-14,1.8632264538539397e-15,23.450483577058243,-13.359582555555566,-14.729734358371383,1.3701518028158175,1,0.27109397535018254,0.27620546294153814
D-0350,0.06446347874924796,2.882534850865699e-14,2.6765023096807496e-15,10.769782788678127,-13.540225433227656,-14.572432377507088,1.032206944279432,1,0.06446347874924796,0.050222337801382716
D-6802,0.4542788133459883,4.6038110668432943e-14,8.002568273642705e-14,0.575291695043256,-13.336882507438213,-13.096770611999226,-0.24011189543898928,1,0.4542788133459883,0.45626637553067956
D-7889,0.2921043610399945,1.3839053599803227e-14,7.298626735684412e-15,1.8961174616782894,-13.85889360861024,-14.136758846347831,0.27786523773759325,1,0.2921043610399945,0.28894242879851245
D-1383,0.06568622480182262,1.6717056870972832e-13,2.1905242863108468e-14,7.6315323118953975,-12.776840180079127,-13.65945192744252,0.8826117473633935,1,0.06568622480182262,0.07076532983446349
D-4059,0.5380356196180096,1.5909097816445705e-13,5.452346929089337e-13,0.2917844007975273,-12.798354447911475,-12.263416518098643,-0.5349379298128338,1,0.5380356196180096,0.53162158163684
D-6952,0.24310504918202225,5.035008211446108e-15,3.323157835352074e-14,0.15151276168357714,-14.297999816831748,-13.478449031157465,-0.8195507856742839,1,0.24310504918202225,0.2801150191666806
D-3203,0.07834077172259657,4.105335331570823e-15,4.2840947452185405e-14,0.09582737020820489,-14.38665136309926,-13.368140933061797,-1.0185104300374614,1,0.07834077172259657,0.10148676666147864
D-7701,0.23156694561578106,1.2953295929705178e-13,3.1579798420989375e-14,4.101766501807632,-12.887619712512468,-13.50059064649148,0.6129709339790115,1,0.23156694561578106,0.22695061707857636
D-6347,0.2967917529075862,8.460787347113082e-14,3.624383037607861e-14,2.334407610708086,-13.072589220342081,-13.440765910794104,0.3681766904520225,1,0.2967917529075862,0.30020693208791016
D-3412,0.09696960920960529,4.0984860711836384e-15,1.0222339386871155e-14,0.4009342593777939,-14.38737653653646,-13.99044970434355,-0.3969268321929082,1,0.09696960920960529,0.09349805373641402
D-5303,0.5348302701469552,5.3548985128172923e-14,6.91803551212213e-13,0.0774049006171502,-13.271248755596101,-12.160017212966483,-1.111231542629619,1,0.5348302701469552,0.5268886956657064
D-2933,0.2530147477215411,1.5083593079223824e-14,1.2310521695215713e-13,0.12252602653781781,-13.821495192378286,-12.90972354214971,-0.9117716502285776,1,0.2530147477215411,0.295600958423556
D-1966,0.17534735569078297,2.8217063295988214e-15,1.7339264716979584e-15,1.627350626255592,-14.549488187630347,-14.760969323014884,0.21148113538453644,1,0.17534735569078297,0.16696820124773237
D-7552,0.0855720950193064,6.829224450970242e-14,3.483857239584049e-13,0.1960248076004862,-13.165628613417786,-12.457939649683656,-0.7076889637341308,1,0.0855720950193064,0.07670316446522862
D-3445,0.4015386457442419,1.16255208317273e-14,3.5545150762062023e-13,0.03270634835549896,-13.934587581295792,-12.449219639404719,-1.4853679418910737,1,0.4015386457442419,0.3773543061241769
D-4289,0.03493755463355863,3.267610188463961e-13,3.21668680624291e-15,101.58310041631096,-12.485769758472742,-14.492591222263087,2.006821463790345,1,0.03493755463355863,0.02861272264095701
D-7098,0.21588067385226628,8.426139795913381e-13,1.78612289955934e-15,471.7558796201661,-12.074371339881598,-14.748088661481006,2.6737173215994097,1,0.21588067385226628,0.21947762474868138
D-3680,0.31248607229233893,1.4803537819930196e-13,3.4894167005521917e-14,4.242410434267588,-12.829634482438538,-13.457247164703688,0.6276126822651507,1,0.31248607229233893,0.31477325197936007
D-6351,0.13031070971253145,1.1133217171023936e-14,2.677480844219123e-15,4.158094051377199,-13.953379319247604,-14.572273627603368,0.6188943083557641,1,0.13031070971253145,0.10939245112918164
D-2418,0.29469304090742043,6.660640508044211e-13,7.254209455252025e-13,0.9181759293181049,-12.176484005704477,-12.139409908922817,-0.03707409678166019,1,0.29469304090742043,0.27544839374559377
D-3213,0.17520367755003352,3.061959626939955e-15,3.972704960870037e-15,0.7707493149124708,-14.51400053993194,-14.400913687304064,-0.11308685262787747,1,0.17520367755003352,0.16703989744485004
D-4748,0.014927548041951844,1.7977022725339405e-13,3.9153609824529544e-14,4.591408763050218,-12.745282232570638,-13.407228191342892,0.6619459587722537,1,0.014927548041951844,0.02955301569370046
D-0946,0.10237828507913027,4.4650851107526544e-13,6.049867605276909e-13,0.7380467478094973,-12.35017025843771,-12.218254129302375,-0.13191612913533401,1,0.10237828507913027,0.06402640920244707
D-4896,0.1458011852002411,1.977207674962548e-14,5.096673675879134e-15,3.8794080231583514,-13.703947712399298,-14.292713172042424,0.5887654596431259,1,0.1458011852002411,0.1407839908660848
D-5361,0.4533829793843418,4.014156564953208e-14,4.8280071903261056e-14,0.8314313559839734,-13.39640569264345,-13.316232091781684,-0.08017360086176628,1,0.4533829793843418,0.45141391206669224
D-5705,0.039585534653703625,2.3020921976590257e-14,8.041182686881688e-13,0.028628776229827957,-13.637877287077757,-12.094680071075885,-1.543197216001872,1,0.039585534653703625,0.12288165393007602
D-2476,0.3472210604209709,8.221487372102742e-14,3.445638644273694e-14,2.3860561773551123,-13.085049605931696,-13.462730270424494,0.3776806644927988,1,0.3472210604209709,0.3495109421797622
D-4955,0.08688725961150612,9.858874069545808e-15,3.224487736962772e-14,0.3057500872629193,-14.006172680728609,-13.491539270387214,-0.5146334103413943,1,0.08688725961150612,0.09879098904350529
D-5971,0.002372844679925157,4.878211290603363e-13,1.1500151706319367e-14,42.41866903305955,-12.311739392961233,-13.93929643053484,1.6275570375736086,1,0.002372844679925157,0.01616683811174956
D-0846,0.0861421472533277,2.5252302144684976e-15,5.090555612070537e-15,0.49606180678603434,-14.597699022964816,-14.293234813716788,-0.3044642092480297,1,0.0861421472533277,0.062190657365652095
D-0120,0.4034542296496012,6.516011021580228e-13,1.9263100362873371e-13,3.3826387750846307,-12.186018189770614,-12.71527381263589,0.5292556228652763,1,0.4034542296496012,0.40459902464899017
D-0547,0.196914684795093,1.8949202753555681e-13,2.2986883124390686e-15,82.43485056679675,-12.7224090573062,-14.638519912316905,1.9161108550107053,1,0.196914684795093,0.2164511623385402
D-4238,0.17773761532772958,1.3273421736466016e-15,4.298823412061747e-13,0.003087687133000885,-14.877017106547243,-12.366650394553218,-2.510366711994024,1,0.17773761532772958,0.19128012211254333
D-0123,0.20828136293444421,9.214736834661695e-16,1.7915741176901516e-14,0.05143374613237944,-15.03551706336257,-13.746765220298315,-1.2887518430642568,1,0.20828136293444421,0.1653532826825052
D-7821,0.46133348888335424,1.0343617982973302e-14,1.6011386120763502e-13,0.064601639764091,-13.985327527469344,-12.795571069171212,-1.189756458298132,1,0.46133348888335424,0.4653583260456911
D-5576,0.3847207161499274,3.7966223873047245e-14,4.56170941509778e-14,0.8322806303135255,-13.420602595713792,-13.34087238311877,-0.07973021259502151,1,0.3847207161499274,0.4012360203006498
D-6756,0.427359127339638,1.875062465360247e-14,8.522339237178662e-13,0.022001734654967697,-13.726984259717923,-12.069441182421127,-1.6575430772967963,1,0.427359127339638,0.4015104334148934
D-7266,0.29864622455771017,1.939574432852236e-14,1.1200576198055107e-13,0.17316737983435423,-13.71229354931645,-12.9507596350799,-0.7615339142365513,1,0.29864622455771017,0.30627983565002287
D-4130,0.0028964372148008177,1.60814332328783e-15,4.989947890131651e-14,0.03222765765686988,-14.793675248038296,-13.301903989676498,-1.4917712583617981,1,0.0028964372148008177,0.0525410015178489
D-0436,0.14416997188779002,1.7213688063264952e-14,4.517005128665583e-15,3.810863076958744,-13.764126071338419,-14.345149416334799,0.5810233449963794,1,0.14416997188779002,0.1334374596531519
D-0814,0.32349307559201934,3.314036106581238e-14,3.195328572061854e-15,10.371503373885538,-13.479642764231839,-14.49548447719371,1.01584171296187,1,0.32349307559201934,0.3187699345330285
D-2974,0.45471120578324675,5.4598698552801104e-14,2.2455394456625888e-13,0.24314290563126015,-13.262817709274627,-12.648679311617462,-0.6141383976571646,1,0.45471120578324675,0.4423029969090923
D-4066,0.28346156090287455,1.860161463397632e-13,2.346362784773871e-15,79.278510359467,-12.730449357062092,-14.629604838237325,1.8991554811752327,1,0.28346156090287455,0.29045343793302836
D-0520,0.3668374998452474,1.3446736936013128e-14,7.320716983194532e-13,0.01836806007783324,-13.871383091320629,-12.135446382521348,-1.7359367087992814,1,0.3668374998452474,0.3429058490904706
D-0596,0.023734967605203217,2.960680990605231e-14,4.369431937852707e-15,6.775894516073441,-13.528608384736172,-14.359575021220007,0.8309666364838348,1,0.023734967605203217,0.05082501312014827
D-6752,0.4208779066001316,3.6410237950267455e-13,1.6309061429881172e-13,2.2325158383153347,-12.438776482830669,-12.787571031452195,0.3487945486215261,1,0.4208779066001316,0.426852614609216
D-1770,0.46380439795036876,3.741839335077027e-13,5.729180330863335e-13,0.6531194898718027,-12.426914863919777,-12.24190750774405,-0.18500735617572686,1,0.46380439795036876,0.4606557923033792
D-0967,0.023623731916583957,8.632069159266273e-14,1.4872209067599656e-14,5.804160713469227,-13.063885088787682,-13.82762451805416,0.7637394292664783,1,0.023623731916583957,0.03199880700106779
D-3219,0.2651112613263581,2.5400635900496338e-15,4.809045234093567e-15,0.5281845909957213,-14.59515541075724,-14.31794113791375,-0.27721427284349115,1,0.2651112613263581,0.2600788746929458
D-1794,0.3825237971997426,2.5100330801960727e-15,4.3032633631617833e-13,0.005832859549529985,-14.600320554832928,-12.366202073934215,-2.2341184808987142,1,0.3825237971997426,0.3757680737676949
D-0696,0.0695806510459267,1.1402453806920546e-14,5.038999511614308e-15,2.262840823984844,-13.943001678476644,-14.297655683736556,0.35465400525991114,1,0.0695806510459267,0.0732009625797982
D-5009,0.13426297238414797,4.263319664858459e-14,3.346624527644991e-13,0.12739163385796803,-13.370252102614597,-12.475393010295065,-0.8948590923195312,1,0.13426297238414797,0.04387908616565842
D-1985,0.23378300480471237,9.380058195676654e-13,3.2148231149533157e-13,2.9177525046546355,-12.027794467166474,-12.49284291770494,0.4650484505384649,1,0.23378300480471237,0.2510316880324068
D-5869,0.5056846270776263,1.4651497204990815e-14,4.658276102223788e-13,0.03145261655485904,-13.834117993423048,-12.33177477382655,-1.5023432195964974,1,0.5056846270776263,0.5105119225922152
D-2760,0.36960870520251643,6.286729152798538e-13,2.8992255190913724e-13,2.168416741436803,-12.20157524968303,-12.537718001310196,0.33614275162716745,1,0.36960870520251643,0.36755357502138575
D-5993,0.41010111795147364,6.858236785475463e-14,2.7431871074305927e-14,2.5000980672803004,-13.163787524638083,-13.561744569007471,0.3979570443693868,1,0.41010111795147364,0.40360405895149065
D-3295,0.031238065338900056,1.7438210104421976e-15,1.794008223772565e-13,0.009720250929369598,-14.758498094040227,-12.74617557047205,-2.012322523568178,1,0.031238065338900056,0.10322658908739821
D-0742,0.30021163328954725,1.3718283362036122e-15,2.7476440751447685e-15,0.499274396059225,-14.862700230687498,-14.56103952569252,-0.301660704994979,1,0.30021163328954725,0.304879324882722
D-7934,0.298650268215091,2.831418662048187e-15,1.3860805852695585e-14,0.20427518371866854,-14.547995909803308,-13.858211519565117,-0.6897843902381914,1,0.298650268215091,0.3004390950426871
D-5375,0.18937938169398294,6.670930489447561e-15,3.881837998576891e-15,1.7184979104983698,-14.175813584636973,-14.410962593056928,0.23514900841995368,1,0.18937938169398294,0.1988554339480031
D-6705,0.2739733748061436,9.5157399522946e-14,6.580416855232878e-13,0.14460694757851844,-13.021557434943583,-12.181746593894694,-0.83981084104889,1,0.2739733748061436,0.25937703929311734
D-0107,0.06857891878334121,9.685796199330996e-16,9.419538691903476e-15,0.10282665124202293,-15.013864673265644,-14.025970365621822,-0.9878943076438217,1,0.06857891878334121,0.07258787493077486
D-0921,0.4707879044449905,1.2536314438995343e-13,8.881165118449836e-14,1.4115619146582759,-12.901830123319304,-13.051530055469062,0.14969993214975758,1,0.4707879044449905,0.47046087068384246
D-5886,0.22597357715468092,4.1684020940361734e-13,2.4298302309108413e-14,17.155116604478227,-12.380030394603358,-13.614424068934305,1.2343936743309478,1,0.22597357715468092,0.2230099242480268
D-7859,0.29335913187833695,6.939461895286528e-13,2.931124401760666e-15,236.75084862034979,-12.158674204612613,-14.532965748995313,2.374291544382701,1,0.29335913187833695,0.2960275123805028
D-5739,0.22214094930450023,1.6743790958850174e-14,2.0214493026304398e-14,0.8283062522053893,-13.77614620667036,-13.694337146174949,-0.08180906049541158,1,0.22214094930450023,0.22156953570707535
D-5358,0.2655550645347764,3.210619814258124e-15,1.5275698485292081e-13,0.021017826565177422,-14.493411118396535,-12.815998922403077,-1.6774121959934583,1,0.2655550645347764,0.26250643668149176
D-1752,0.24788808935572948,1.1437922249347674e-13,5.314481576783626e-13,0.2152217875646492,-12.941652859948293,-12.274539094136605,-0.6671137658116879,1,0.24788808935572948,0.2304849830092412
D-5528,0.20247931013400378,3.6384549841374263e-13,7.498454408146303e-14,4.852273263386942,-12.43908299390775,-13.1250282447666,0.6859452508588506,1,0.20247931013400378,0.20214601092840714
D-0449,0.5220270605003654,3.326613700188298e-13,8.434195400657629e-13,0.39441980439875934,-12.477997628231613,-12.073956341613266,-0.4040412866183466,1,0.5220270605003654,0.5182097817007318
D-4093,0.16699541467066625,1.4510229885735933e-15,4.992022592933384e-14,0.02906683536704411,-14.838325706975379,-13.301723457787952,-1.5366022491874254,1,0.16699541467066625,0.09249120883726425
D-4110,0.3852500954724659,9.143754222218818e-15,4.4282872486384575e-13,0.02064851196143656,-14.038875455990802,-12.353764215604414,-1.6851112403863864,1,0.3852500954724659,0.37724751640940574
D-0505,0.049114187731680636,1.0210764046467488e-15,5.790752770963454e-14,0.017632878574383757,-14.990941759504691,-13.237264976337274,-1.7536767831674163,1,0.049114187731680636,0.16906424703987163
D-7321,0.027763446975233586,1.5505218859004716e-15,4.1849810934604986e-14,0.03704967480793009,-14.809522099237217,-13.378306499683703,-1.4312155995535145,1,0.027763446975233586,0.07953181891984284
D-0555,0.3245014681695507,5.915312603723597e-13,6.985101575020132e-15,84.68470415487907,-12.228022299474793,-14.155827274138202,1.9278049746634103,1,0.3245014681695507,0.3294420021842507
D-2557,0.4851170992162288,7.148798212426834e-14,2.452548765855449e-13,0.2914844471984773,-13.145766961496808,-12.610382348461217,-0.5353846130355908,1,0.4851170992162288,0.48692218067630966
D-5686,0.22260478025969543,4.4776657373039046e-15,2.8050674228760133e-14,0.1596277401672217,-14.348948330109998,-13.552056695537553,-0.7968916345724455,1,0.22260478025969543,0.2404727236763634
D-6547,0.3985281538930696,5.326965270712802e-13,2.595003136467652e-14,20.52777970035107,-12.273520134599995,-13.585862112902317,1.3123419783023227,1,0.3985281538930696,0.39793984826973205
D-4985,0.1888776892139814,4.561092720449208e-13,1.3018066221850806e-13,3.5036637874782204,-12.340931099087685,-12.885453523567586,0.5445224244799008,1,0.1888776892139814,0.19141178922379254
D-6337,0.5432329633335444,7.805403706121392e-13,3.1015348178288156e-13,2.51662617529003,-12.107604629717942,-12.508423339081942,0.40081870936400027,1,0.5432329633335444,0.5363799971984305
D-6862,0.07997618440860288,4.501673591937216e-14,2.1417856285535097e-13,0.21018320096663903,-13.346625998087092,-12.669223999888542,-0.6774019981985481,1,0.07997618440860288,0.02248816126227496
D-4999,0.44062964489290657,9.5540194721312e-13,1.4248701052337448e-13,6.705186274199989,-12.019813877912355,-12.846224725235466,0.8264108473231091,1,0.44062964489290657,0.434314962183679
D-5823,0.2374111222171561,4.146415880847071e-13,2.7485814115142496e-15,150.85657872373974,-12.382327140809698,-14.560891394937007,2.1785642541273105,1,0.2374111222171561,0.23597361370829678
D-3277,0.45270679842525774,3.563364646793684e-15,1.1729643318123515e-13,0.0303791389912762,-14.448139733083394,-12.930715193965113,-1.5174245391182808,1,0.45270679842525774,0.4607998594203273
D-4403,0.018086398162802775,4.640452206256155e-14,1.1623219758469543e-14,3.992398236189913,-13.333439695929515,-13.934673550978124,0.6012338550486092,1,0.018086398162802775,0.038130326350204705
D-7710,0.31346115810827613,9.638862872940288e-14,2.2176066974564686e-15,43.46515946220666,-13.015974198165273,-14.654115475441305,1.638141277276033,1,0.31346115810827613,0.31427599051940885
D-3274,0.06873729104321269,1.4687817095311525e-14,5.505810655675385e-14,0.26676938263707517,-13.833042744298572,-13.259178728033373,-0.5738640162652003,1,0.06873729104321269,0.10369893944270658
D-5371,0.45150985943421085,5.746987304550582e-13,4.0026056840870295e-13,1.4358115083378329,-12.24055976224854,-12.397657192223186,0.15709742997464513,1,0.45150985943421085,0.4527207180790432
D-5545,0.20797748407190608,3.147124603636883e-15,2.4508989758817578e-15,1.2840694922991043,-14.50208606178947,-14.61067458965421,0.1085885278647387,1,0.20797748407190608,0.21837399194494664
D-4502,0.2960781326223969,1.0431906951555916e-13,2.284270388936471e-14,4.5668441888847005,-12.981636295328224,-13.641252489973999,0.6596161946457736,1,0.2960781326223969,0.30256606342693837
D-2963,0.21899954350063933,1.6545896920569364e-13,1.360251381991667e-14,12.163852314079637,-12.781309685615279,-13.86638082418622,1.0850711385709406,1,0.21899954350063933,0.22103588701931
D-5553,0.11782673853142156,1.2402671569618633e-14,1.3871689295341147e-14,0.8940995797666915,-13.9064847565334,-13.857870647292176,-0.04861410924122588,1,0.11782673853142156,0.09574916270229514
D-0393,0.18345913069453335,9.347926286745643e-15,2.5046956085452098e-15,3.7321606085999224,-14.029284720903883,-14.601245045669621,0.571960324765738,1,0.18345913069453335,0.20111297853848328
D-5618,0.18319839840809038,1.065388396518328e-13,2.7186943736420092e-14,3.9187501428897855,-12.972492037563864,-13.56563961157438,0.5931475740105159,1,0.18319839840809038,0.19118612268896376
D-4143,0.23120228679664834,3.9900626468895115e-15,5.66783715198002e-14,0.07039832902566036,-14.39902028552006,-13.246582636373144,-1.152437649146916,1,0.23120228679664834,0.22160243043192113
D-1082,0.3378847768536589,2.553330683780381e-13,4.2046747621732217e-13,0.6072599732923625,-12.592892935747694,-12.376267591888958,-0.21662534385873722,1,0.3378847768536589,0.3430615848871268
D-7279,0.15920007080421494,2.7634195724830313e-13,5.1830415986601235e-14,5.331656171151332,-12.55855317075476,-13.285415305535146,0.7268621347803857,1,0.15920007080421494,0.1459367922915823
D-7430,0.3425748125021555,9.240504746614166e-16,8.103876551927513e-14,0.011402573431867376,-15.034304305545886,-13.09130718329746,-1.9429971222484266,1,0.3425748125021555,0.33374114058772847
D-3042,0.12702155201735355,2.154404999396151e-13,7.209112083138554e-13,0.2988447085508776,-12.666672651795004,-12.142118222262512,-0.5245544295324914,1,0.12702155201735355,0.1153893308324205
D-5255,0.4178775049175034,6.049944123192149e-15,1.2263511724725562e-13,0.049332884894579716,-14.218248636438668,-12.911385149370153,-1.3068634870685158,1,0.4178775049175034,0.4227874444123012
D-6076,0.18761205203313647,7.804504656272757e-15,3.5763615478011466e-15,2.1822471111935533,-14.107654655942259,-14.446558583198845,0.33890392725658663,1,0.18761205203313647,0.2016928157082682
D-7767,0.14124487570145516,5.199966701731121e-14,2.4980124809986503e-15,20.816416015873102,-13.283999437384573,-14.602405396059842,1.3184059586752686,1,0.14124487570145516,0.14151840822312375
D-6436,0.000836670863793576,1.9990671095082198e-13,8.520651744521346e-15,23.46143428281282,-12.699172626192095,-14.069527184784503,1.370354558592409,1,0.000836670863793576,0.01039367794276793
D-0741,0.1675061004020384,4.319215550248183e-14,2.844265049861987e-13,0.1518569990675716,-13.364595121966055,-12.546029935252774,-0.8185651867132822,1,0.1675061004020384,0.15438364967431498
D-0906,0.3838517581139499,4.3929834264238916e-15,1.0279048356920742e-13,0.042737258099055014,-14.357240435210944,-12.988047090833836,-1.3691933443771072,1,0.3838517581139499,0.39030434209580195
D-6191,0.3772373989808431,1.0141075346648598e-15,7.57828422474824e-15,0.13381756405402567,-14.993915990529922,-14.12042911047235,-0.8734868800575721,1,0.3772373989808431,0.3934050780240141
D-1553,0.20778236495671043,3.315495840361629e-13,2.2439272168744023e-14,14.775416133950323,-12.479451512619752,-13.648991233789518,1.169539721169765,1,0.20778236495671043,0.21383677603899376
D-5141,0.2541348937166321,3.4329768719923288e-15,1.212500203489849e-14,0.283132065636892,-14.464329122411693,-13.916318179839504,-0.5480109425721894,1,0.2541348937166321,0.2624260767943403
D-5951,0.4295772237333193,4.3505312559828614e-15,4.124542610984456e-14,0.10547912014283847,-14.36145770684899,-13.38462420530539,-0.9768335015435998,1,0.4295772237333193,0.4222896152407743
D-7013,0.16874875231455155,3.626118173850139e-14,9.33622185021787e-14,0.3883924602504513,-13.440558046513338,-13.02982883699903,-0.41072920951430797,1,0.16874875231455155,0.16836926471099792
D-0001,0.018025227007372857,3.0155506414179727e-13,1.7271509580572765e-14,17.459681953972954,-12.520633373840779,-13.762669702162645,1.2420363283218658,1,0.018025227007372857,0.04329221678211346
D-7772,0.21062273984026725,5.924895055899521e-13,3.408438504568721e-14,17.383018786924584,-12.22731933764653,-13.467444537184782,1.240125199538253,1,0.21062273984026725,0.20759142353572999
D-7883,0.2901489396864212,5.689011520140311e-15,7.580795200539633e-15,0.7504504962402022,-14.244963186793258,-14.120285235912455,-0.12467795088080398,1,0.2901489396864212,0.3058617732425937
D-2454,0.05177141573107924,2.7694007702380174e-14,5.188294378381615e-13,0.05337786502202824,-13.557614191344205,-12.284975390475447,-1.2726388008687597,1,0.05177141573107924,0.10483661614113415
D-7997,0.3452816407747742,1.1678082726522356e-13,6.844695244599982e-13,0.17061508670872674,-12.932628452569496,-12.164645883765928,-0.7679825688035682,1,0.3452816407747742,0.3477483364936415
D-5492,0.24711441125417433,1.5956054282654078e-14,1.5512331890836401e-13,0.10286044931826012,-13.797074494885573,-12.809322911973647,-0.9877515829119267,1,0.24711441125417433,0.2500012137172305
D-0034,0.0234934904346098,3.149256666794798e-13,4.540047622213747e-15,69.36615931925417,-12.501791942593007,-14.34293959164594,1.8411476490529337,1,0.0234934904346098,0.019259425098593526
D-4909,0.2536653768001389,4.083384080018613e-14,5.229709601718944e-15,7.8080512896480005,-13.388979768745207,-14.281522426213517,0.8925426574683109,1,0.2536653768001389,0.25086282558681905
D-0556,0.015733414160077563,7.292866858779832e-13,4.203287851733599e-13,1.735038644991199,-12.13710171500207,-12.376410867396698,0.23930915239462736,1,0.015733414160077563,0.062374517040068085
D-0825,0.2571946237016842,1.981844538885271e-13,1.1153485473904246e-15,177.68835970801976,-12.702930415719699,-14.952589394002452,2.2496589782827527,1,0.2571946237016842,0.2592241608902681
D-3786,0.1871803727589365,1.48535578610535e-14,1.8684388860187143e-15,7.949715654175657,-13.828169507669818,-14.728521102737492,0.9003515950676737,1,0.1871803727589365,0.19824453714469184
D-1406,0.12138719825259314,3.0620680391692546e-13,5.9569590986803886e-15,51.403207382229255,-12.513985163504685,-14.224975381817957,1.7109902183132726,1,0.12138719825259314,0.12918277217802693
D-6614,0.18783778420208308,2.982546160949974e-15,2.259583806589551e-14,0.13199537685887425,-14.525412826017817,-13.645971546315778,-0.8794412797020386,1,0.18783778420208308,0.18810320364270527
D-5712,0.11469860975757784,1.7573628501984428e-15,4.275605842700797e-15,0.4110207804114046,-14.755138558613233,-14.369002338128869,-0.3861362204843633,1,0.11469860975757784,0.09092344094492476
D-6248,0.34800748901165224,2.93362560743815e-14,3.8133512683491766e-14,0.7693037963188046,-13.53259531210099,-13.418693187676967,-0.11390212442402255,1,0.34800748901165224,0.3627630705537341
D-5068,0.10322423040215156,8.388601883586346e-13,2.226088284653213e-15,376.83150041343254,-12.076310416387129,-14.652457615932388,2.5761471995452596,1,0.10322423040215156,0.09540856183388031
D-0995,0.36158633570647947,1.0849998347288097e-13,4.351105466761816e-15,24.936187895631253,-12.96457032796879,-14.36140038968417,1.3968300617153822,1,0.36158633570647947,0.36064722391256804
D-0106,0.31914527280937877,3.2246642982421207e-14,1.2864755384049572e-13,0.250658811767244,-13.4915154906441,-12.890598467235792,-0.6009170234083069,1,0.31914527280937877,0.3089543344454015
D-6400,0.30575665283356834,5.720438376663484e-15,1.3128784969885828e-13,0.043571727237400486,-14.242570688467316,-12.881775464717133,-1.3607952237501828,1,0.30575665283356834,0.28648290115323305
D-1375,0.20814307708065483,1.964886751271454e-14,3.8053601608777406e-13,0.05163471178029665,-13.706662475677986,-12.419604232854113,-1.2870582428238746,1,0.20814307708065483,0.19167972057051222
D-7654,0.3006345029379943,4.08580481666325e-15,1.7467142701682819e-13,0.023391374802643684,-14.388722383927455,-12.757778131673138,-1.6309442522543156,1,0.3006345029379943,0.31020059082963775
D-1404,0.23310441356581557,4.806658835619542e-13,5.845073710648484e-14,8.223435791515904,-12.318156701891729,-13.233210007697,0.9150533058052719,1,0.23310441356581557,0.23515451581734706
D-6606,0.43057122850198815,2.571396673836819e-13,4.080563066792795e-13,0.6301573169552463,-12.589830922201953,-12.38927990555503,-0.20055101664692182,1,0.43057122850198815,0.43113006436404233
D-0657,0.11256482793871203,9.109702015168113e-15,1.5364392631514834e-14,0.5929099986993728,-14.040495828876042,-13.813484603126131,-0.22701122574991037,1,0.11256482793871203,0.0931785285981973
D-7494,0.49543395617084074,3.177007734570236e-14,1.0141522869724391e-13,0.3132673243832635,-13.497981727861841,-12.993896825647761,-0.5040849022140803,1,0.49543395617084074,0.5051321585915731
D-6342,0.03375387436613775,2.648239652899327e-13,9.867224986703862e-13,0.2683874804180349,-12.577042715900674,-12.005804969155541,-0.571237746745134,1,0.03375387436613775,0.06781180917347086
D-4329,0.13038141319263818,4.828940372839549e-13,3.666977075783634e-13,1.3168722555506032,-12.31614815718127,-12.435691805035795,0.11954364785452308,1,0.13038141319263818,0.09961437110070182
D-3283,0.3180481966389084,2.280825511287236e-13,1.6954697273287832e-15,134.52469687445748,-12.641907938039306,-14.770709960159817,2.1288020221205106,1,0.3180481966389084,0.3284447284251205
D-7560,0.03576576390686215,1.2369667567173513e-14,6.758484417065141e-14,0.18302428183366318,-13.9076419718084,-13.170150683215365,-0.7374912885930356,1,0.03576576390686215,0.05437439584899677
D-2725,0.48845104238586323,6.98350817812244e-14,2.989380329941963e-13,0.23361056163295288,-13.15592635393145,-12.524418827454102,-0.6315075264773485,1,0.48845104238586323,0.48622610286745604
D-7485,0.06843760183507142,3.141320997181486e-14,7.879505712595048e-14,0.3986698038888684,-13.502887682773196,-13.103501025280165,-0.39938665749303154,1,0.06843760183507142,0.03206467619561111
D-1547,0.3379154269658836,2.440527582646292e-13,8.646474351697454e-14,2.8225696201448556,-12.612516279618447,-13.063160942446398,0.4506446628279525,1,0.3379154269658836,0.3389415169298933
D-5116,0.08142199995728028,2.7368308199905645e-14,2.336866452819901e-13,0.11711541396334504,-13.562752048119812,-12.631366105947789,-0.9313859421720232,1,0.08142199995728028,0.10343186318152324
D-6498,0.18646627512243907,6.804670729702688e-14,1.5187943540989974e-13,0.44803107881840004,-13.167192884969527,-12.818501025956923,-0.34869185901260374,1,0.18646627512243907,0.19533360617468107
D-0253,0.5115817784385726,4.8987964178230986e-15,3.148602228151738e-13,0.01555863860484766,-14.30991060840102,-12.501882201551549,-1.8080284068494725,1,0.5115817784385726,0.5094009363788606
D-6697,0.4926055958901048,9.871457561810096e-15,1.7236779402295647e-13,0.05726973311786647,-14.005618717207213,-12.763543876473712,-1.2420748407335012,1,0.4926055958901048,0.4897389067879125
D-4076,0.45163435898936677,6.540551917210794e-13,8.91360540851646e-14,7.337717587275802,-12.18438560267181,-13.049946595367295,0.8655609926954838,1,0.45163435898936677,0.45650634479187124
D-1055,0.3446259407918063,1.0215198815152426e-14,5.696521730225094e-15,1.7932344154770352,-13.990753176414463,-14.244390241600602,0.25363706518613804,1,0.3446259407918063,0.35337639979967056
D-7414,0.23532439181026643,5.167939233108798e-13,7.707397506134209e-14,6.705167637968209,-12.286682601607533,-13.113092241861436,0.826409640253903,1,0.23532439181026643,0.23531417916775654
D-6059,0.11015184200768868,4.550232967341538e-15,1.9536061819764832e-13,0.02329145458957353,-14.341966367333924,-12.709162979118876,-1.6328033882150477,1,0.11015184200768868,0.08286293219363378
D-3599,0.002789358738791492,2.8169907439932114e-13,1.106726486955306e-13,2.545335977042513,-12.550214580007225,-12.955959696088701,0.40574511608147645,1,0.002789358738791492,0.04234137607856472
D-0956,0.005105590932680482,8.719025460780677e-15,4.6871432593450665e-15,1.8602003349048446,-14.05953205413365,-14.329091772361542,0.2695597182278934,1,0.005105590932680482,0.06192546145991538
D-1451,0.24102819130179887,3.2260838487794565e-15,8.96033413678537e-13,0.003600405743280522,-14.491324349101738,-12.047675794907478,-2.443648554194261,1,0.24102819130179887,0.1449719412577493
D-1244,0.029384476396106085,2.4381143730758324e-13,3.464140549725317e-14,7.038150843126612,-12.612945925284235,-13.460404495773675,0.84745857048944,1,0.029384476396106085,0.055643488486225856
D-3332,0.19541237796848965,1.221719185604636e-14,5.774680577882499e-15,2.1156480763350287,-13.913028606006062,-14.238472033444415,0.32544342743835314,1,0.19541237796848965,0.20683594278167736
D-4956,0.2550069540088604,3.5364686741420315e-14,5.311693687395964e-13,0.0665789272173895,-13.451430184522723,-12.274766977636528,-1.1766632068861933,1,0.2550069540088604,0.23556882697485793
D-6510,0.3813088203232907,4.647655156520693e-14,3.1092035483913e-14,1.4948056903271536,-13.332766102901735,-13.50735084532591,0.17458474242417427,1,0.3813088203232907,0.38958843600934306
D-5021,0.13606736930436125,1.5693308581216293e-15,4.3283277750871424e-14,0.03625720924266263,-14.804285485534438,-13.363679858455658,-1.4406056270787795,1,0.13606736930436125,0.15116825367311418
D-7784,0.4728261774255669,8.44415629783202e-15,1.724974322028131e-13,0.04895235940616114,-14.073443736679188,-12.763217365451283,-1.3102263712279065,1,0.4728261774255669,0.4643510521240851
D-3099,0.5355598298149529,2.919992293437566e-14,2.784493883156375e-13,0.1048661773366008,-13.534618294757731,-12.55525373181062,-0.9793645629471107,1,0.5355598298149529,0.5287824191783367
D-6094,0.003990141318161666,8.179489041915743e-13,1.3916301324181197e-14,58.776314563575355,-12.087273825082635,-13.856476176215597,1.769202351132962,1,0.003990141318161666,0.029264449578554123
D-0689,0.46804110953214795,6.759360767453801e-13,4.712814267785475e-13,1.434251464917158,-12.170094373332637,-12.326719675467462,0.15662530213482603,1,0.46804110953214795,0.45947513765358733
D-6817,0.06110835178477414,2.0733365540108194e-15,1.7208187689996254e-14,0.12048546839224246,-14.683330195404388,-13.764264865737449,-0.9190653296669375,1,0.06110835178477414,0.08928050689744223
D-1866,0.28796087061892195,1.6343164742584419e-13,1.3939837502215582e-13,1.1724071202398776,-12.786663841490387,-12.855742288813506,0.069078447323118,1,0.28796087061892195,0.2786416795468931
D-4540,0.28051772883357984,1.7138781604056425e-14,1.4363002812217087e-15,11.932589464842462,-13.766020055309145,-14.842754754491716,1.0767346991825724,1,0.28051772883357984,0.28223249286449714
D-1084,0.2869649863087559,1.1307739774121558e-13,8.29667082119081e-15,13.62924963256355,-12.946624194519575,-14.08109614063982,1.1344719461202444,1,0.2869649863087559,0.28311790419425403
D-1539,0.023867377684221536,5.4888709370283754e-14,2.6046149256161726e-13,0.21073636962783954,-13.260516980913662,-12.584256475067617,-0.6762605058460451,1,0.023867377684221536,0.08701072607934673
D-6269,0.021943716405874114,9.089788265092155e-15,4.133186707913025e-14,0.21992203371044597,-14.041446232990694,-13.383714975946242,-0.6577312570444503,1,0.021943716405874114,0.0940291920087124
D-0053,0.3181808418905786,2.2681927435379677e-13,7.626887734522937e-15,29.739427437367983,-12.644320043298412,-14.117652646247452,1.4733326029490388,1,0.3181808418905786,0.32177498310012587
D-6792,0.32198234673506776,1.1522717422009731e-13,1.0370531138499203e-13,1.1111019549647936,-12.938445088429026,-12.984199000157517,0.04575391172849028,1,0.32198234673506776,0.3212087258623748
D-5005,0.3845487449118964,2.4070752204818658e-14,8.489580777224652e-15,2.835328720753121,-13.618510337921993,-14.071113755060315,0.45260341713832214,1,0.3845487449118964,0.38479213474843615
D-1218,0.21370606338198006,5.907101392722519e-15,4.678348949935646e-14,0.12626465994597894,-14.228625574609973,-13.329907388046413,-0.8987181865635596,1,0.21370606338198006,0.22806428952279406
D-3932,0.34825258070014653,7.665222103716688e-14,1.5626123852268124e-13,0.49053893186723235,-13.115475256723359,-12.806148737805563,-0.3093265189177948,1,0.34825258070014653,0.34231932512161706
D-7892,0.21574308016166155,3.8318520954893655e-14,1.3893244850117412e-14,2.758068497912482,-13.416591262472533,-13.857196310351524,0.44060504787899113,1,0.21574308016166155,0.2101399482588142
D-6633,0.01555484514915495,6.8546307058576675e-15,1.81926900831828e-14,0.3767793918610224,-14.164015937917277,-13.740103078731858,-0.4239128591854188,1,0.01555484514915495,0.06397692203341847
D-2747,0.0628256494327687,3.7591200859362445e-14,1.5213827060928187e-14,2.4708576421184207,-13.424913800429724,-13.817761524778216,0.39284772434849197,1,0.0628256494327687,0.05444397318031845
D-7330,0.39827636538575995,1.4633628021362787e-13,9.6189320298389e-14,1.5213360460358587,-12.834647988685074,-13.016873144105116,0.18222515542004272,1,0.39827636538575995,0.4029810748121807
D-3991,0.41100630983620123,6.76829760256569e-13,3.001155546115207e-14,22.552305265639408,-12.169520553587454,-13.522711495055354,1.3531909414679022,1,0.41100630983620123,0.40713722605421904
D-6251,0.11206343583785128,6.39897199083498e-15,1.0024736360917603e-13,0.06383182320666293,-14.193889790792376,-12.998927040004963,-1.194962750787414,1,0.11206343583785128,0.06193160582765095
D-3703,0.07873069699751478,1.160166248112857e-14,2.5934738313804616e-13,0.0447340641758209,-13.935479773303484,-12.586118129758077,-1.3493616435454066,1,0.07873069699751478,0.03035454298686132
D-7061,0.23744972978303025,8.922876657206194e-13,5.754267877246827e-15,155.06536795911927,-12.04949511031614,-14.240009924353554,2.1905148140374147,1,0.23744972978303025,0.23525474700523702
D-1830,0.10826078839578357,5.097885942427432e-14,3.0567678835087333e-13,0.16677373411080812,-13.292609885447472,-12.514737538290142,-0.7778723471573292,1,0.10826078839578357,0.13248392991472563
D-2809,0.3434037836733146,1.0197835634335322e-14,9.391805050597094e-15,1.0858227549864852,-13.991491992140702,-14.027250930824808,0.035758938684107455,1,0.3434037836733146,0.3449081674954804
D-3800,0.05275754150834966,2.93629976745167e-14,5.024942918036118e-13,0.058434490010072684,-13.53219960927897,-12.298868867344833,-1.2333307419341368,1,0.05275754150834966,0.05209079791745966
D-4074,0.15743448138366767,7.412130760902508e-14,1.2643450691707987e-14,5.862427071245384,-13.13005692769131,-13.898134380812708,0.768077453121399,1,0.15743448138366767,0.1508639668157628
D-1494,0.18761652601803125,1.8582471505192123e-14,3.65894073599047e-14,0.5078647850840874,-13.730896524482086,-13.436644624741529,-0.2942518997405566,1,0.18761652601803125,0.18556229775212255
D-1682,0.04952215487705047,6.264716475713684e-14,6.354755304182779e-14,0.9858312674274288,-13.203098579229978,-13.196901167704647,-0.00619741152533224,1,0.04952215487705047,0.04790139304296796
D-2683,0.3561995796791283,1.1309030597715871e-14,7.686193908860215e-15,1.471343389434848,-13.946574620901812,-14.11428866326411,0.16771404236229873,1,0.3561995796791283,0.36273166954466074
D-3115,0.13411931680268507,7.647795912548359e-14,7.24970897172137e-14,1.0549107477803301,-13.116463710067299,-13.13967942715485,0.02321571708755008,1,0.13411931680268507,0.10137403984322099
D-3979,0.40959654361311926,1.1873300137376499e-15,1.5460080158905967e-13,0.007679973205402004,-14.925428553812626,-12.810788258640185,-2.1146402951724403,1,0.40959654361311926,0.4262750913843428
D-3079,0.3171024339202716,5.668266157338473e-14,4.59855882877425e-14,1.2326179501870924,-13.246549765349497,-13.337378253269904,0.09082848792040726,1,0.3171024339202716,0.3060978512019873
D-1046,0.15334625707190563,7.40141745697093e-13,9.816514986310108e-16,753.9760767739652,-12.130685099891943,-15.008042666066912,2.877357566174967,1,0.15334625707190563,0.15300402776232577
D-2690,0.36883921551257615,2.5433625845455922e-14,1.0402563684070635e-14,2.444938249635735,-13.594591721915364,-13.98285961679377,0.38826789487840624,1,0.36883921551257615,0.37175084665181246
D-1314,0.5373122757360185,6.936424384779819e-14,9.247716868549949e-13,0.07500688530343659,-13.158864343684991,-12.033965475237206,-1.1248988684477845,1,0.5373122757360185,0.5356540100509434
D-5667,0.04258759611963203,1.7121378784883049e-15,4.45978175297684e-15,0.3839062028866049,-14.766461264509616,-14.350686393708711,-0.41577487080090364,1,0.04258759611963203,0.08237657527720707
D-2564,0.2867302543582393,1.6022191486312823e-13,9.174666927962866e-15,17.463512966862957,-12.795278082176843,-14.03740969317652,1.2421316109996778,1,0.2867302543582393,0.2763214829812748
D-7785,0.43487372835394156,1.2031002223719844e-13,2.4996824804669315e-13,0.48130121796399106,-12.91969819293436,-12.602115153623501,-0.3175830393108584,1,0.43487372835394156,0.43247338326911045
D-5703,0.42007810229793385,3.0107407608542196e-15,1.6972466950213587e-14,0.17738969648229785,-14.5213266377046,-13.77025502833652,-0.7510716093680799,1,0.42007810229793385,0.4235085026583475
D-3297,0.22135271884312746,5.892184947604282e-13,1.0291731611898866e-15,572.5163820626634,-12.229723629707314,-14.987511547859198,2.7577879181518843,1,0.22135271884312746,0.22273125203241143
D-7242,0.05743605948127417,1.9616004494337794e-15,9.030111094444031e-13,0.0021722882796433103,-14.707389447657913,-12.044306906673512,-2.6630825409844,1,0.05743605948127417,0.08744416431606394
D-3052,0.31882109097889166,2.9510760895239216e-14,4.2269088855949043e-13,0.06981641122147303,-13.530019592657156,-12.37397711363534,-1.1560424790218176,1,0.31882109097889166,0.319201589330061
